불용단어	User Dic.	동의어
(LH)	가니쉬	가니시
(RH)	가벼움	
(사진첨부)	가스	개스
(우)	가죽	
(좌)	간격	간극
[C]	간격	갭
A/S	간격 단차	간단차
C	간격 단차	갭단차
C-10000	간격 단차	단간차
C-10000	간섭	
F/LH	간헐적	간혈적
F/RH	감지 센서	감지센서
FR	감지 센서	울트라센서
FRT	감지 센서	울트라 센서
Frt	개선품	
frt	개조	
L/H	개폐	개페
L/H리어	개폐	개패
LH	견인	
LH/RH	경고등	문구
LH쪽	경고등	맨트
R/H	경고등	멘트
R/H리어	경고등	고장 코드
R/LH	경고등	고장코드
R/RH	경고등	경고문구
RH	경고음	경보음
RH쪽	경고음	부저
Rr	경고음	부져
RR	고객	
rr	고정	
결과	공기압	
고객	과다	
고객에게	교환	교체
공임	구멍	구먼
광주	그로멧	그로맷
그랜저	그리스	구리스
그랜져	글라스	그라스
낫	글라스	글래스
낮	글라스	창문
넥쏘	글라스	윈도우
니로	글라스	유리
당	글라스	그랠스
당차량	글라스런	글래스런
당차량은	글라스런	글라스 런
대리점	글라스런	글래스 런
동영상참조	글로브박스	글로우 박스
동영상참조	글로브박스	글로브 박스
레이	글로브박스	글러브 박스
렌트	글로브박스	글러브박스
리무진	글로브박스	클로브박스
리어LH	기어	
리어RH	기준	
모닝	꺾임	꺽임
모하비	나사산	
밤	내부	
벨로스터	내장재	
사진	냉각수	
사진참조	냉간	
사진첨부	너트	
상기	네비게이션	네비
상기차량은	네비게이션	내비게이션
새벽	노브	
새차	노즐	
서비스	누기	
소하	누름	푸쉬
스타렉스	누름	푸시
스팅어	누수	
스포티지	누유	
신차	누출	
신차	다이얼	
심야	단선	절손
싼타페	단자	
써비스	단차	
쏘나타	단품	
쏘렌토	닫힘	닫힐
쏘울	닫힘	닫들
아반떼	닫힘	닫힌
아산	닫힘	닫을
아이오닉	답력	
아침	대쉬	대시
야간	대쉬	데시
언덕	대쉬	데쉬
엑센트	덕트	
열	데이라이트	
울산	데코레이션	
원인	도색	도장
임시 넘버	도어	도아
임시 번호	도어락	도어록
입고	도어락	도어 록
자동차	도어락	도어 락
저머검내용	뒤	
점검/원인	드럼	
점검결과	드레인	
점검내용	들뜸	들듬
점검및원인	떨림	
점검및조치내용	떨어짐	
점검점검	라디에이터	라디에타
점검점검내용	라디에이터	라디에디터
조치결과	라벨	
조치내용	라이닝	
주간	라이선스	봉인
주재원	라이선스	라이센스
주제원	라이선스 플레이트	번호판
주차장	라이트	
증상	락	록
지하	락	로크
진입	락	록크
차량	란스	
차량은	램프	렘프
철도	램프	전구
첨부	램프	조명등
첨부파일	램프	실내등
청구	램프	실레등
출고	랫치	래치
카 마스터	랫치	레치
카니발	러기지	러기쥐
카렌스	런찬넬	런채널
코나	런찬넬	런챈널
클레임	런찬넬	런첸널
투싼	런찬넬	런체널
팰리세이드	런찬넬	런잔넬
하이리무진	런찬넬	란찬넬
하이브리드	레귤레이터	레규레이터
현     상	레귤레이터	레귤레터
현    상	레귤레이터	레규레더
현   상	레귤레이터	유리기어
현  상	레그	래그
현 상	레그타	
현산	레버	레바
현상	레벨	
현상및점검	레벨링	레벌링
현상및조치	레인지	레인진
화성	레인지	렌지
	레인프	
	레이더	
	레일	
	로그	로거
	로워암	로암
	로컬	
	롤러	로라
	롤러	롤라
	롤러암	롤러 암
	루프	루푸
	루프랙	루푸 랙
	루프랙	루푸렉
	룸램프	룸 램프
	룸램프	룸렘프
	룸램프	오버헤드 콘솔
	리모컨	리모콘
	리모컨	리모트 컨트롤
	리모트	
	리어	
	리어	리아
	리어	리러
	리어뷰	리어 뷰
	리저버	리져버
	리클라이너	
	리턴	복원
	리테이너	
	리프터	리프트
	리프팅	
	리플렉터	
	릴레이	
	릴리즈	
	링키지	
	마모	
	마운팅	마운틴
	마운팅	마운트
	마킹	
	매니폴드	매니폴더
	매트	메트
	머드가드	흙받이
	머드가드	휠가드
	머플러	
	멀티펑션	
	멈춤	렉
	멤버	
	모니터	화면
	모듈	모튤
	모터	모타
	몰딩	
	무거움	
	무드	
	미결선	
	미러	밀러
	미작동	미동작
	미장착	미창작
	미조립	
	미체결	
	바디	보디
	박음부	
	배선	
	배터리	밧데리
	배터리	받데리
	배터리	베터리
	백워닝	빽워닝
	백워닝	후방감지
	백워닝	울트라 후방
	백워닝	후방 울트라
	백판넬	빽판넬
	밸런스	바란스
	밸브	
	버클	
	버튼	버턴
	버튼	보튼
	버튼	보턴
	버튼	버트
	범퍼	범버
	범퍼	밤바
	베어링	
	베젤	
	벤틸레이션	
	벨트	밸트
	벨트라인	
	변속	
	볼트	
	부밍음	
	부조	
	부품	
	불규칙	
	불량	안됨
	불량	않됨
	불량	안내려감
	불량	안올라감
	불량	줄량
	불량	부라량
	불량	불만
	브라켓	
	브레이크	브래이크
	블랙박스	
	블랭킹	
	블레이드	브러쉬
	블레이드	부라쉬
	블레이드	블레이크
	블로우	블로워
	블로우	블로어
	블루	불루
	블루	파란색
	블루투스	
	블루핸즈	
	비상등	
	비포장	
	사이	
	사이드	
	사이드멤버	
	사제	
	삼각대	
	상승	상향
	상승	올라감
	상승 하강	상하강
	상승 하강	상하
	생산	
	섀시	샤시
	선글라스	썬글라스
	선글라스	선글래스
	선글라스	썬글래스
	선루프	썬루프
	선루프	선루푸
	선바이져	썬바이저
	선바이져	선바이저
	선바이져	썬바이져
	선바이져	화장
	선바이져	화장대
	선바이져	선바이즈
	선바이져	썬바이즈
	선쉐이드	선세이드
	선쉐이드	썬쉐이드
	선쉐이드	썬세이드
	선쉐이드	선쉐이트
	세이프티	쎄이프티
	세차	
	센서	
	센터	중앙
	센터	쎈터
	소손	
	소켓	
	속도	벨로시터
	속도	벨로시티
	송풍	통풍
	송풍구	토출구, 통풍구
	쇼버	쇼바
	쇼버	소버
	쇼트	
	쇽업	쇼업
	수동	
	쉘프	
	쉬라우드	
	쉬프트	시프트
	스마트	
	스마트키	포브키
	스마트키	스마트 키
	스위치	
	스캔	스케너
	스캔	스캐너
	스캔	스켄
	스캔	스캔너
	스캔	스켄너
	스커프	
	스크래치	기스
	스크래치	스크레치
	스크래치	스크러치
	스크래치	스크럿치
	스키드	
	스트라이커	스트라이크
	스트라이커	스타라이커
	스트러트	
	스티어링	
	스티어링휠	스티어링 휠
	스포일러	스포이러
	스피커	
	슬라이딩	스라이딩
	슬라이딩	슬라이징
	슬라이딩	슬라이닝
	시거잭	시가잭
	시동꺼짐	시동 꺼짐
	시뮬레이션	시몰레이션
	시운전	
	시트	씨트
	시트백	시트 백
	시트백	시트빽
	시트백	시트 빽
	시트벨트	시트 벨트
	시트벨트	시트 밸트
	시트벨트	안전밸트
	시트벨트	안전벨트
	시트벨트	안전 벨트
	시트벨트	안전 밸트
	실러	씰러
	실런트	
	썸머스타트	
	쏠림	
	씰링	실링
	아울렛	
	아웃	아우터
	아웃	아웃트
	아웃사이드	아웃
	아웃사이드	아우터
	아웃사이드	아웃트
	아웃사이드 미러	백미러
	아웃사이드 미러	빽미러
	아웃사이드 미러	빽밀러
	아웃사이드 미러	폴딩 미러
	아웃사이드 미러	아웃사이드 리어뷰 미러
	아웃사이드 미러	사이드 미러
	아이들	
	악셀	앗셀
	안테나	
	안티	앤티
	안티	앤티
	안티	안티노이즈
	알터네이터	
	암레스트	
	앞	
	액츄에이터	액추에이터
	액츄에이터	엑츄레이터
	액티브	엑티브
	어라운드뷰	서랴운드부
	어라운드뷰	서라운드 뷰
	어라운드뷰	어라운드부
	어셈블리	앗세이
	어셈블리	어셈블
	어셈블리	어셉블리
	어스	
	어시스트	어스스트
	언더	
	언락	언록
	언락	언로크
	언락	언록크
	언폴딩	펴짐
	얼라인먼트	얼라이먼트
	없음	없는
	없음	없슴
	없음	멊음
	에어백	
	에어벤트	
	에어컨	에어콘
	에이밍	
	엔진	
	엔진룸	
	엠블럼	엠블렘
	엠블럼	앰블램
	여닫음	
	연동	연계
	연료	퓨얼
	연료	휴얼
	연료	연료필러
	열림	열릴
	열림	열을
	열림	개방
	열림	오픈
	열선	
	영점	
	오버슬램	오버 슬램
	오버슬램	오버슬램
	오버슬램	슬랩
	오버슬램범퍼	오버슬램 댐퍼
	오버슬램범퍼	오버슬램 범퍼
	오버헤드	
	오장착	
	오체결	
	오결선	
	오토	
	오토큐	
	오토크루즈	
	오퍼레이트	오퍼레이터
	와셔	와샤
	와이어링	와이어
	와이퍼	
	완체결	
	외부	
	요소수	
	요철	
	우	
	운전석	
	운전석	드라이브
	워셔액	와셔액
	워셔액	와샤액
	원인품	
	웨더스트립	웨즈스트립
	웨더스트립	웨져스터립
	웨더스트립	웨져스트립
	웨더스트립	웨져
	웨더스트립	웨더
	웨더스트립	웨쟈
	웰컴	웰콤
	윈드실드	
	유닛	
	유막	
	유보	
	이격	
	이모빌라이져	이모
	이모빌라이져	이모빌라이저
	이물질	
	이상	
	이음	소음
	이음	노이즈
	이음	진동음
	이음	공명음
	이음	소리
	이음	마찰음
	이종품	
	익스텐션	
	인도	
	인버터	인버트
	인사이드	이너
	인사이드	인너
	인사이드 미러	룸미러
	인사이드 미러	룸밀러
	인사이드 미러	리어뷰 인사이드 미러
	인슐레이션	인슐레이터
	인슐레이션	인슐레이트
	인스트	
	인젝터	
	인터쿨러	
	인히비터	
	있음	있는
	있음	있슴
	자동	
	자체	
	작동	갇동
	작동 불량	작불
	작동 불량	작동불량
	작동력	작역
	작동음	동작음
	잠금	
	장착	창작
	장치	창치
	재발	재발생
	재발	제발생
	재부팅	
	재시동	제시동
	재현	재연
	재이탈	
	재장착	제장착
	재조립	제조립
	재체결	재조임
	재체결	제체결
	저항	
	전방	
	전압	통전
	점검	
	점등	
	점멸	
	정렬	정열
	정션	정선
	정션	정젼
	정위치	
	정차	
	정체결	정채결
	제동	
	제어	
	조명	
	조수석	동승석
	조수석	페시브
	조수석	패시브
	조인트	
	조작감	
	조향각	
	좌	
	주름	
	주차	
	주행	
	진공	
	찬넬	채널
	찬넬	챈널
	찬넬	첸널
	찬넬	체널
	찬넬	잔넬
	천장	
	체결	조임
	체결	체격
	체인지	
	체커	
	체크	
	쳐짐	
	충격	
	충전량	
	치핑	취핑
	치핑	취밍
	치핑	피칭
	카울	카울 탑
	카울	카울 톱
	카페트	카매트
	카페트	카 매트
	카페트	카메트
	카페트	카 메트
	카페트	카펫
	캘리브레이션	
	캘리퍼	
	캠버	캡머
	캡	켑
	캡	뚜껑
	커넥터	커낵터
	커넥터	컨넥
	커넥터	컨넥터
	커버	
	커버링	
	커튼	커텐
	커튼	커덴
	커플러	카풀러
	커플러	커풀러
	컨버터	컨버트
	컨트롤	콘트롤
	컨트롤	콘드롤
	컨트롤	콘트롤러
	컨트롤	컨트롤러
	컨트롤	컨으롤
	컬럼	칼럼
	컴프레셔	컴프레샤
	컴프레셔	콤프레샤
	컴프레셔	콤푸레셔
	컴프레셔	콤푸레샤
	컴프레셔	콤프레셔
	컴프레셔	콤프
	컴플리트	
	컵홀더	컵 홀더
	케이블	케불
	코니시티	
	코드표	
	콘센트	컨센트
	콘솔	센터페시아
	콘솔	센타페시아
	콘티넨탈	큰티넨탈
	콤비	컴비네이션
	콤비	컴비
	콤비램프	후진등
	콤비램프	후미등
	콤비램프	컴비램프
	콤비램프	컴비네이션 램프
	콤비램프	콤비네이션 램프
	콤비램프	테일램프
	쿠션	쿠쉬
	쿠션	쿠시
	쿠션	쿳션
	쿨링팬	쿨링펜
	쿨링팬	쿨링휀
	쿼터	
	퀵커넥터	퀵컨넥터
	퀵커넥터	퀵커낵터
	퀵커넥터	퀵컨넥
	크랙	크릭
	크러쉬	크래쉬
	크러쉬패드	크래쉬패드
	크러쉬패드	크러쉬 패드
	크러쉬패드	크래쉬 패드
	크루즈	
	클램프	크램프
	클러스터	계기판
	클러스터	클러스트
	클러스터	클래스터
	클럭스프링	클락스프링
	클럭스프링	클랄스프링
	클리너	크리너
	클립	
	타이어	바퀴
	탈거	
	탈부착	
	태핑스크류	
	터미널	터미날
	턴시그널램프	깜빡이
	턴시그널램프	턴램프
	테스트	
	테이핑	테잎
	테일게이트	백도어
	테일게이트	빽도어
	테일게이트	테일
	테일게이트	테일게이터
	텐션	
	토출	
	토크	
	통신	
	트라이앵글홀더	
	트랜스버스	
	트랜지스터	트렌지스터
	트렁크	트렁크리드
	트렁크	트렁크도어
	트레이	틀레이
	트레이	트레일
	트림	트립
	틀어짐	트어짐
	파워	파웜
	파이프	
	파킹	
	파팅	
	판넬	패널
	판넬	펜널
	패드	
	패들	
	패스너	화스너
	패키지트레이	패키지 트레이
	퍼스널	퍼스날
	페달	폐달
	페달	패달
	페인트	페이트
	펜더	휀더
	펜더	휀다
	펜더	핸더
	펜더	훼더
	펜더	헨다
	펴짐	
	평탄로	
	포그램프	포그 램프
	포그램프	안개등
	폴딩	접이
	폴딩	접힘
	풀리	
	풀핸들	
	풍절음	
	퓨즈	휴즈, 휴쥬
	프런트	프론트
	프런트	후런트
	프런트	후론트
	프레임	플레임
	프로텍터	
	플랜지	플렌지
	플러그	플로그
	플러그	프로그
	플레이트	
	플로워	플로아
	플로워	플로어
	피더	
	픽싱	
	핀	
	필러	필라
	필러	필럼
	필러넥	필라넥
	필름	필림
	하강	하향
	하강	내려감
	하강	하양
	하네스	하니스
	하드웨어	
	하우징	
	하이드로릭	
	하이패스	하이페스
	해제	헤제
	핸들	헨들
	핸들	핸드
	핸즈프리	
	헤드라이닝	해드라이닝
	헤드라이닝	해트라이닝
	헤드라이트	해드라이트
	헤드라이트	헤드라이터
	헤드램프	헤드 램프
	헤드램프	해드램프
	헤드램프	해드 램프
	헤드레스트	
	헤드업디스플레이	해드업디스플레이
	현상	
	협력사	업체
	호스	
	혼	크락션
	혼	클락션
	홀더	후크
	홀더	훗
	홀더	훅
	홀더	후크
	확인	
	회로	
	회수량	
	후드	본네트
	후드	본넷
	후방	후미
	휘어짐	
	휠가드	
	휨	구부러짐
	휨	구브러짐
	히터	히트
	히터	히타
	힌지	
	가니시	
	개스	
	간극	
	갭	
	간단차	
	갭단차	
	단간차	
	간혈적	
	감지센서	
	울트라센서	
	울트라 센서	
	개페	
	개패	
	문구	
	맨트	
	멘트	
	고장 코드	
	고장코드	
	경고문구	
	경보음	
	부저	
	부져	
	교체	
	구먼	
	그로맷	
	구리스	
	그라스	
	글래스	
	창문	
	윈도우	
	유리	
	그랠스	
	글래스런	
	글라스 런	
	글래스 런	
	글로우 박스	
	글로브 박스	
	글러브 박스	
	글러브박스	
	클로브박스	
	꺽임	
	네비	
	내비게이션	
	푸쉬	
	푸시	
	절손	
	닫힐	
	닫들	
	닫힌	
	닫을	
	대시	
	데시	
	데쉬	
	도장	
	도아	
	도어록	
	도어 록	
	도어 락	
	들듬	
	라디에타	
	라디에디터	
	봉인	
	라이센스	
	번호판	
	록	
	로크	
	록크	
	렘프	
	전구	
	조명등	
	실내등	
	실레등	
	래치	
	레치	
	러기쥐	
	런채널	
	런챈널	
	런첸널	
	런체널	
	런잔넬	
	란찬넬	
	레규레이터	
	레귤레터	
	레규레더	
	유리기어	
	래그	
	레바	
	레벌링	
	레인진	
	렌지	
	로거	
	로암	
	로라	
	롤라	
	롤러 암	
	루푸	
	루푸 랙	
	루푸렉	
	룸 램프	
	룸렘프	
	오버헤드 콘솔	
	리모콘	
	리모트 컨트롤	
	리아	
	리러	
	리어 뷰	
	리져버	
	복원	
	리프트	
	마운틴	
	마운트	
	매니폴더	
	메트	
	흙받이	
	휠가드	
	렉	
	화면	
	모튤	
	모타	
	밀러	
	미동작	
	미창작	
	보디	
	밧데리	
	받데리	
	베터리	
	빽워닝	
	후방감지	
	울트라 후방	
	후방 울트라	
	빽판넬	
	바란스	
	버턴	
	보튼	
	보턴	
	버트	
	범버	
	밤바	
	밸트	
	안됨	
	않됨	
	안내려감	
	안올라감	
	줄량	
	부라량	
	불만	
	브래이크	
	브러쉬	
	부라쉬	
	블레이크	
	블로워	
	블로어	
	불루	
	파란색	
	상향	
	올라감	
	상하강	
	상하	
	샤시	
	썬글라스	
	선글래스	
	썬글래스	
	썬루프	
	선루푸	
	썬바이저	
	선바이저	
	썬바이져	
	화장	
	화장대	
	선바이즈	
	썬바이즈	
	선세이드	
	썬쉐이드	
	썬세이드	
	선쉐이트	
	쎄이프티	
	중앙	
	쎈터	
	벨로시터	
	벨로시티	
	통풍	
	토출구, 통풍구	
	쇼바	
	소버	
	쇼업	
	시프트	
	포브키	
	스마트 키	
	스케너	
	스캐너	
	스켄	
	스캔너	
	스켄너	
	기스	
	스크레치	
	스크러치	
	스크럿치	
	스트라이크	
	스타라이커	
	스티어링 휠	
	스포이러	
	스라이딩	
	슬라이징	
	슬라이닝	
	시가잭	
	시동 꺼짐	
	시몰레이션	
	씨트	
	시트 백	
	시트빽	
	시트 빽	
	시트 벨트	
	시트 밸트	
	안전밸트	
	안전벨트	
	안전 벨트	
	안전 밸트	
	씰러	
	실링	
	아우터	
	아웃트	
	아웃	
	아우터	
	아웃트	
	백미러	
	빽미러	
	빽밀러	
	폴딩 미러	
	아웃사이드 리어뷰 미러	
	사이드 미러	
	앗셀	
	앤티	
	앤티	
	안티노이즈	
	액추에이터	
	엑츄레이터	
	엑티브	
	서랴운드부	
	서라운드 뷰	
	어라운드부	
	앗세이	
	어셈블	
	어셉블리	
	어스스트	
	언록	
	언로크	
	언록크	
	펴짐	
	얼라이먼트	
	없는	
	없슴	
	멊음	
	에어콘	
	엠블렘	
	앰블램	
	연계	
	퓨얼	
	휴얼	
	연료필러	
	열릴	
	열을	
	개방	
	오픈	
	오버 슬램	
	오버슬램	
	슬랩	
	오버슬램 댐퍼	
	오버슬램 범퍼	
	오퍼레이터	
	와샤	
	와이어	
	드라이브	
	와셔액	
	와샤액	
	웨즈스트립	
	웨져스터립	
	웨져스트립	
	웨져	
	웨더	
	웨쟈	
	웰콤	
	이모	
	이모빌라이저	
	소음	
	노이즈	
	진동음	
	공명음	
	소리	
	마찰음	
	인버트	
	이너	
	인너	
	룸미러	
	룸밀러	
	리어뷰 인사이드 미러	
	인슐레이터	
	인슐레이트	
	있는	
	있슴	
	갇동	
	작불	
	작동불량	
	작역	
	동작음	
	창작	
	창치	
	재발생	
	제발생	
	제시동	
	재연	
	제장착	
	제조립	
	재조임	
	제체결	
	통전	
	정열	
	정선	
	정젼	
	정채결	
	동승석	
	페시브	
	패시브	
	채널	
	챈널	
	첸널	
	체널	
	잔넬	
	조임	
	체격	
	취핑	
	취밍	
	피칭	
	카울 탑	
	카울 톱	
	카매트	
	카 매트	
	카메트	
	카 메트	
	카펫	
	캡머	
	켑	
	뚜껑	
	커낵터	
	컨넥	
	컨넥터	
	커텐	
	커덴	
	카풀러	
	커풀러	
	컨버트	
	콘트롤	
	콘드롤	
	콘트롤러	
	컨트롤러	
	컨으롤	
	칼럼	
	컴프레샤	
	콤프레샤	
	콤푸레셔	
	콤푸레샤	
	콤프레셔	
	콤프	
	컵 홀더	
	케불	
	컨센트	
	센터페시아	
	센타페시아	
	큰티넨탈	
	컴비네이션	
	컴비	
	후진등	
	후미등	
	컴비램프	
	컴비네이션 램프	
	콤비네이션 램프	
	테일램프	
	쿠쉬	
	쿠시	
	쿳션	
	쿨링펜	
	쿨링휀	
	퀵컨넥터	
	퀵커낵터	
	퀵컨넥	
	크릭	
	크래쉬	
	크래쉬패드	
	크러쉬 패드	
	크래쉬 패드	
	크램프	
	계기판	
	클러스트	
	클래스터	
	클락스프링	
	클랄스프링	
	크리너	
	바퀴	
	터미날	
	깜빡이	
	턴램프	
	테잎	
	백도어	
	빽도어	
	테일	
	테일게이터	
	트렌지스터	
	트렁크리드	
	트렁크도어	
	틀레이	
	트레일	
	트립	
	트어짐	
	파웜	
	패널	
	펜널	
	화스너	
	패키지 트레이	
	퍼스날	
	폐달	
	패달	
	페이트	
	휀더	
	휀다	
	핸더	
	훼더	
	헨다	
	포그 램프	
	안개등	
	접이	
	접힘	
	휴즈, 휴쥬	
	프론트	
	후런트	
	후론트	
	플레임	
	플렌지	
	플로그	
	프로그	
	플로아	
	플로어	
	필라	
	필럼	
	필라넥	
	필림	
	하향	
	내려감	
	하양	
	하니스	
	하이페스	
	헤제	
	헨들	
	핸드	
	해드라이닝	
	해트라이닝	
	해드라이트	
	헤드라이터	
	헤드 램프	
	해드램프	
	해드 램프	
	해드업디스플레이	
	업체	
	크락션	
	클락션	
	후크	
	훗	
	훅	
	후크	
	본네트	
	본넷	
	후미	
	구부러짐	
	구브러짐	
	히트	
	히타	
